,Date,Name,CountryCode,Fixed,Global,Type,Counties
14164,01/01/2015,New Year's Day,ES,TRUE,TRUE,Public,
14165,06/01/2015,Epiphany,ES,TRUE,TRUE,Public,
14166,28/02/2015,Day of Andalucía,ES,TRUE,FALSE,Public,ES-AN
14167,01/03/2015,Day of the Balearic Islands,ES,TRUE,FALSE,Public,ES-IB
14168,19/03/2015,St. Joseph's Day,ES,TRUE,FALSE,Public,"ES-CM,ES-MD,ES-PV,ES-VC"
14169,02/04/2015,Maundy Thursday,ES,FALSE,FALSE,Public,"ES-AN,ES-AR,ES-CL,ES-CM,ES-CN,ES-EX,ES-GA,ES-IB,ES-RI,ES-MD,ES-MC,ES-NC,ES-AS,ES-PV,ES-CB"
14170,03/04/2015,Good Friday,ES,FALSE,TRUE,Public,
14171,06/04/2015,Easter Monday,ES,FALSE,FALSE,Public,"ES-CT,ES-IB,ES-RI,ES-NC,ES-PV,ES-VC"
14172,23/04/2015,Castile and León Day,ES,TRUE,FALSE,Public,ES-CL
14173,23/04/2015,Day of Aragón,ES,TRUE,FALSE,Public,ES-AR
14174,01/05/2015,Labour Day,ES,TRUE,TRUE,Public,
14175,02/05/2015,Day of Madrid,ES,FALSE,FALSE,Public,ES-MD
14176,17/05/2015,Galician Literature Day,ES,TRUE,FALSE,Public,ES-GA
14177,30/05/2015,Day of the Canary Islands,ES,TRUE,FALSE,Public,ES-CN
14178,31/05/2015,Day of Castilla-La Mancha,ES,TRUE,FALSE,Public,ES-CM
14179,04/06/2015,Corpus Christi,ES,FALSE,FALSE,Public,ES-CM
14180,09/06/2015,Day of La Rioja,ES,TRUE,FALSE,Public,ES-RI
14181,09/06/2015,Day of Murcia,ES,TRUE,FALSE,Public,ES-MC
14182,24/06/2015,St. John's Day,ES,TRUE,FALSE,Public,"ES-CT,ES-VC"
14183,28/07/2015,Day of the Cantabrian Institutions,ES,TRUE,FALSE,Public,ES-CB
14184,15/08/2015,Assumption,ES,TRUE,TRUE,Public,
14185,08/09/2015,Day of Asturias,ES,TRUE,FALSE,Public,ES-AS
14186,08/09/2015,Day of Extremadura,ES,TRUE,FALSE,Public,ES-EX
14187,11/09/2015,National Day of Catalonia,ES,TRUE,FALSE,Public,ES-CT
14188,15/09/2015,Regional Holiday,ES,TRUE,FALSE,Public,ES-CB
14189,09/10/2015,Day of the Valencian Community,ES,TRUE,FALSE,Public,ES-VC
14190,12/10/2015,Fiesta Nacional de España,ES,TRUE,TRUE,Public,
14191,01/11/2015,All Saints Day,ES,TRUE,TRUE,Public,
14192,06/12/2015,Constitution Day,ES,TRUE,TRUE,Public,
14193,08/12/2015,Immaculate Conception,ES,TRUE,TRUE,Public,
14194,25/12/2015,Christmas Day,ES,TRUE,TRUE,Public,
14195,26/12/2015,St. Stephen's Day,ES,TRUE,FALSE,Public,ES-CT
14196,01/01/2016,New Year's Day,ES,TRUE,TRUE,Public,
14197,06/01/2016,Epiphany,ES,TRUE,TRUE,Public,
14198,28/02/2016,Day of Andalucía,ES,TRUE,FALSE,Public,ES-AN
14199,01/03/2016,Day of the Balearic Islands,ES,TRUE,FALSE,Public,ES-IB
14200,19/03/2016,St. Joseph's Day,ES,TRUE,FALSE,Public,"ES-PV,ES-VC"
14201,24/03/2016,Maundy Thursday,ES,FALSE,FALSE,Public,"ES-AN,ES-AR,ES-CL,ES-CM,ES-CN,ES-EX,ES-GA,ES-IB,ES-RI,ES-MD,ES-MC,ES-NC,ES-AS,ES-PV,ES-CB"
14202,25/03/2016,Good Friday,ES,FALSE,TRUE,Public,
14203,28/03/2016,Easter Monday,ES,FALSE,FALSE,Public,"ES-CT,ES-IB,ES-RI,ES-NC,ES-PV,ES-VC"
14204,23/04/2016,Castile and León Day,ES,TRUE,FALSE,Public,ES-CL
14205,23/04/2016,Day of Aragón,ES,TRUE,FALSE,Public,ES-AR
14206,01/05/2016,Labour Day,ES,TRUE,TRUE,Public,
14207,02/05/2016,Day of Madrid,ES,FALSE,FALSE,Public,ES-MD
14208,17/05/2016,Galician Literature Day,ES,TRUE,FALSE,Public,ES-GA
14209,26/05/2016,Corpus Christi,ES,FALSE,FALSE,Public,ES-CM
14210,30/05/2016,Day of the Canary Islands,ES,TRUE,FALSE,Public,ES-CN
14211,31/05/2016,Day of Castilla-La Mancha,ES,TRUE,FALSE,Public,ES-CM
14212,09/06/2016,Day of La Rioja,ES,TRUE,FALSE,Public,ES-RI
14213,09/06/2016,Day of Murcia,ES,TRUE,FALSE,Public,ES-MC
14214,24/06/2016,St. John's Day,ES,TRUE,FALSE,Public,"ES-CT,ES-VC"
14215,28/07/2016,Day of the Cantabrian Institutions,ES,TRUE,FALSE,Public,ES-CB
14216,15/08/2016,Assumption,ES,TRUE,TRUE,Public,
14217,08/09/2016,Day of Asturias,ES,TRUE,FALSE,Public,ES-AS
14218,08/09/2016,Day of Extremadura,ES,TRUE,FALSE,Public,ES-EX
14219,11/09/2016,National Day of Catalonia,ES,TRUE,FALSE,Public,ES-CT
14220,15/09/2016,Regional Holiday,ES,TRUE,FALSE,Public,ES-CB
14221,09/10/2016,Day of the Valencian Community,ES,TRUE,FALSE,Public,ES-VC
14222,12/10/2016,Fiesta Nacional de España,ES,TRUE,TRUE,Public,
14223,01/11/2016,All Saints Day,ES,TRUE,TRUE,Public,
14224,06/12/2016,Constitution Day,ES,TRUE,TRUE,Public,
14225,08/12/2016,Immaculate Conception,ES,TRUE,TRUE,Public,
14226,25/12/2016,Christmas Day,ES,TRUE,TRUE,Public,
14227,26/12/2016,St. Stephen's Day,ES,TRUE,FALSE,Public,ES-CT
14228,01/01/2017,New Year's Day,ES,TRUE,TRUE,Public,
14229,06/01/2017,Epiphany,ES,TRUE,TRUE,Public,
14230,28/02/2017,Day of Andalucía,ES,TRUE,FALSE,Public,ES-AN
14231,01/03/2017,Day of the Balearic Islands,ES,TRUE,FALSE,Public,ES-IB
14232,19/03/2017,St. Joseph's Day,ES,TRUE,FALSE,Public,"ES-EX,ES-MD"
14233,13/04/2017,Maundy Thursday,ES,FALSE,FALSE,Public,"ES-AN,ES-AR,ES-CL,ES-CM,ES-CN,ES-EX,ES-GA,ES-IB,ES-RI,ES-MD,ES-MC,ES-NC,ES-AS,ES-PV,ES-CB"
14234,14/04/2017,Good Friday,ES,FALSE,TRUE,Public,
14235,17/04/2017,Easter Monday,ES,FALSE,FALSE,Public,"ES-CT,ES-IB,ES-RI,ES-NC,ES-PV,ES-VC"
14236,23/04/2017,Castile and León Day,ES,TRUE,FALSE,Public,ES-CL
14237,23/04/2017,Day of Aragón,ES,TRUE,FALSE,Public,ES-AR
14238,01/05/2017,Labour Day,ES,TRUE,TRUE,Public,
14239,02/05/2017,Day of Madrid,ES,FALSE,FALSE,Public,ES-MD
14240,17/05/2017,Galician Literature Day,ES,TRUE,FALSE,Public,ES-GA
14241,30/05/2017,Day of the Canary Islands,ES,TRUE,FALSE,Public,ES-CN
14242,31/05/2017,Day of Castilla-La Mancha,ES,TRUE,FALSE,Public,ES-CM
14243,09/06/2017,Day of La Rioja,ES,TRUE,FALSE,Public,ES-RI
14244,09/06/2017,Day of Murcia,ES,TRUE,FALSE,Public,ES-MC
14245,15/06/2017,Corpus Christi,ES,FALSE,FALSE,Public,ES-CM
14246,24/06/2017,St. John's Day,ES,TRUE,FALSE,Public,"ES-CT,ES-VC"
14247,25/07/2017,Santiago Apóstol,ES,TRUE,FALSE,Public,"ES-CL,ES-CN,ES-GA,ES-MD,ES-PV"
14248,28/07/2017,Day of the Cantabrian Institutions,ES,TRUE,FALSE,Public,ES-CB
14249,15/08/2017,Assumption,ES,TRUE,TRUE,Public,
14250,08/09/2017,Day of Asturias,ES,TRUE,FALSE,Public,ES-AS
14251,08/09/2017,Day of Extremadura,ES,TRUE,FALSE,Public,ES-EX
14252,11/09/2017,National Day of Catalonia,ES,TRUE,FALSE,Public,ES-CT
14253,15/09/2017,Regional Holiday,ES,TRUE,FALSE,Public,ES-CB
14254,09/10/2017,Day of the Valencian Community,ES,TRUE,FALSE,Public,ES-VC
14255,12/10/2017,Fiesta Nacional de España,ES,TRUE,TRUE,Public,
14256,01/11/2017,All Saints Day,ES,TRUE,TRUE,Public,
14257,06/12/2017,Constitution Day,ES,TRUE,TRUE,Public,
14258,08/12/2017,Immaculate Conception,ES,TRUE,TRUE,Public,
14259,25/12/2017,Christmas Day,ES,TRUE,TRUE,Public,
14260,26/12/2017,St. Stephen's Day,ES,TRUE,FALSE,Public,ES-CT
14261,01/01/2018,New Year's Day,ES,TRUE,TRUE,Public,
14262,06/01/2018,Epiphany,ES,TRUE,TRUE,Public,
14263,28/02/2018,Day of Andalucía,ES,TRUE,FALSE,Public,ES-AN
14264,01/03/2018,Day of the Balearic Islands,ES,TRUE,FALSE,Public,ES-IB
14265,19/03/2018,St. Joseph's Day,ES,TRUE,FALSE,Public,"ES-GA,ES-PV,ES-VC"
14266,29/03/2018,Maundy Thursday,ES,FALSE,FALSE,Public,"ES-AN,ES-AR,ES-CL,ES-CM,ES-CN,ES-EX,ES-GA,ES-IB,ES-RI,ES-MD,ES-MC,ES-NC,ES-AS,ES-PV,ES-CB"
14267,30/03/2018,Good Friday,ES,FALSE,TRUE,Public,
14268,02/04/2018,Easter Monday,ES,FALSE,FALSE,Public,"ES-CT,ES-IB,ES-RI,ES-NC,ES-PV,ES-VC"
14269,23/04/2018,Castile and León Day,ES,TRUE,FALSE,Public,ES-CL
14270,23/04/2018,Day of Aragón,ES,TRUE,FALSE,Public,ES-AR
14271,01/05/2018,Labour Day,ES,TRUE,TRUE,Public,
14272,02/05/2018,Day of Madrid,ES,FALSE,FALSE,Public,ES-MD
14273,17/05/2018,Galician Literature Day,ES,TRUE,FALSE,Public,ES-GA
14274,30/05/2018,Day of the Canary Islands,ES,TRUE,FALSE,Public,ES-CN
14275,31/05/2018,Corpus Christi,ES,FALSE,FALSE,Public,ES-CM
14276,31/05/2018,Day of Castilla-La Mancha,ES,TRUE,FALSE,Public,ES-CM
14277,09/06/2018,Day of La Rioja,ES,TRUE,FALSE,Public,ES-RI
14278,09/06/2018,Day of Murcia,ES,TRUE,FALSE,Public,ES-MC
14279,24/06/2018,St. John's Day,ES,TRUE,FALSE,Public,"ES-CT,ES-VC"
14280,25/07/2018,Santiago Apóstol,ES,TRUE,FALSE,Public,ES-GA
14281,28/07/2018,Day of the Cantabrian Institutions,ES,TRUE,FALSE,Public,ES-CB
14282,15/08/2018,Assumption,ES,TRUE,TRUE,Public,
14283,08/09/2018,Day of Asturias,ES,TRUE,FALSE,Public,ES-AS
14284,08/09/2018,Day of Extremadura,ES,TRUE,FALSE,Public,ES-EX
14285,11/09/2018,National Day of Catalonia,ES,TRUE,FALSE,Public,ES-CT
14286,15/09/2018,Regional Holiday,ES,TRUE,FALSE,Public,ES-CB
14287,09/10/2018,Day of the Valencian Community,ES,TRUE,FALSE,Public,ES-VC
14288,12/10/2018,Fiesta Nacional de España,ES,TRUE,TRUE,Public,
14289,01/11/2018,All Saints Day,ES,TRUE,TRUE,Public,
14290,06/12/2018,Constitution Day,ES,TRUE,TRUE,Public,
14291,08/12/2018,Immaculate Conception,ES,TRUE,TRUE,Public,
14292,25/12/2018,Christmas Day,ES,TRUE,TRUE,Public,
14293,26/12/2018,St. Stephen's Day,ES,TRUE,FALSE,Public,ES-CT
14294,01/01/2019,New Year's Day,ES,TRUE,TRUE,Public,
14295,06/01/2019,Epiphany,ES,TRUE,TRUE,Public,
14296,28/02/2019,Day of Andalucía,ES,TRUE,FALSE,Public,ES-AN
14297,01/03/2019,Day of the Balearic Islands,ES,TRUE,FALSE,Public,ES-IB
14298,19/03/2019,St. Joseph's Day,ES,TRUE,FALSE,Public,"ES-GA,ES-PV,ES-VC"
14299,18/04/2019,Maundy Thursday,ES,FALSE,FALSE,Public,"ES-AN,ES-AR,ES-CL,ES-CM,ES-CN,ES-EX,ES-GA,ES-IB,ES-RI,ES-MD,ES-MC,ES-NC,ES-AS,ES-PV,ES-CB"
14300,19/04/2019,Good Friday,ES,FALSE,TRUE,Public,
14301,22/04/2019,Easter Monday,ES,FALSE,FALSE,Public,"ES-CT,ES-IB,ES-RI,ES-NC,ES-PV,ES-VC"
14302,23/04/2019,Castile and León Day,ES,TRUE,FALSE,Public,ES-CL
14303,23/04/2019,Day of Aragón,ES,TRUE,FALSE,Public,ES-AR
14304,01/05/2019,Labour Day,ES,TRUE,TRUE,Public,
14305,02/05/2019,Day of Madrid,ES,FALSE,FALSE,Public,ES-MD
14306,17/05/2019,Galician Literature Day,ES,TRUE,FALSE,Public,ES-GA
14307,30/05/2019,Day of the Canary Islands,ES,TRUE,FALSE,Public,ES-CN
14308,31/05/2019,Day of Castilla-La Mancha,ES,TRUE,FALSE,Public,ES-CM
14309,09/06/2019,Day of La Rioja,ES,TRUE,FALSE,Public,ES-RI
14310,09/06/2019,Day of Murcia,ES,TRUE,FALSE,Public,ES-MC
14311,20/06/2019,Corpus Christi,ES,FALSE,FALSE,Public,ES-CM
14312,24/06/2019,St. John's Day,ES,TRUE,FALSE,Public,"ES-CT,ES-VC"
14313,25/07/2019,Santiago Apóstol,ES,TRUE,FALSE,Public,"ES-GA,ES-PV"
14314,28/07/2019,Day of the Cantabrian Institutions,ES,TRUE,FALSE,Public,ES-CB
14315,15/08/2019,Assumption,ES,TRUE,TRUE,Public,
14316,08/09/2019,Day of Asturias,ES,TRUE,FALSE,Public,ES-AS
14317,08/09/2019,Day of Extremadura,ES,TRUE,FALSE,Public,ES-EX
14318,11/09/2019,National Day of Catalonia,ES,TRUE,FALSE,Public,ES-CT
14319,15/09/2019,Regional Holiday,ES,TRUE,FALSE,Public,ES-CB
14320,09/10/2019,Day of the Valencian Community,ES,TRUE,FALSE,Public,ES-VC
14321,12/10/2019,Fiesta Nacional de España,ES,TRUE,TRUE,Public,
14322,01/11/2019,All Saints Day,ES,TRUE,TRUE,Public,
14323,06/12/2019,Constitution Day,ES,TRUE,TRUE,Public,
14324,08/12/2019,Immaculate Conception,ES,TRUE,TRUE,Public,
14325,25/12/2019,Christmas Day,ES,TRUE,TRUE,Public,
14326,26/12/2019,St. Stephen's Day,ES,TRUE,FALSE,Public,ES-CT
14327,01/01/2020,New Year's Day,ES,TRUE,TRUE,Public,
14328,06/01/2020,Epiphany,ES,TRUE,TRUE,Public,
14329,28/02/2020,Day of Andalucía,ES,TRUE,FALSE,Public,ES-AN
14330,01/03/2020,Day of the Balearic Islands,ES,TRUE,FALSE,Public,ES-IB
14331,19/03/2020,St. Joseph's Day,ES,TRUE,FALSE,Public,"ES-CM,ES-GA,ES-PV,ES-VC"
14332,09/04/2020,Maundy Thursday,ES,FALSE,FALSE,Public,"ES-AN,ES-AR,ES-CL,ES-CM,ES-CN,ES-EX,ES-GA,ES-IB,ES-RI,ES-MD,ES-MC,ES-NC,ES-AS,ES-PV,ES-CB"
14333,10/04/2020,Good Friday,ES,FALSE,TRUE,Public,
14334,13/04/2020,Easter Monday,ES,FALSE,FALSE,Public,"ES-CT,ES-IB,ES-RI,ES-NC,ES-PV,ES-VC"
14335,23/04/2020,Castile and León Day,ES,TRUE,FALSE,Public,ES-CL
14336,23/04/2020,Day of Aragón,ES,TRUE,FALSE,Public,ES-AR
14337,01/05/2020,Labour Day,ES,TRUE,TRUE,Public,
14338,02/05/2020,Day of Madrid,ES,FALSE,FALSE,Public,ES-MD
14339,17/05/2020,Galician Literature Day,ES,TRUE,FALSE,Public,ES-GA
14340,30/05/2020,Day of the Canary Islands,ES,TRUE,FALSE,Public,ES-CN
14341,31/05/2020,Day of Castilla-La Mancha,ES,TRUE,FALSE,Public,ES-CM
14342,09/06/2020,Day of La Rioja,ES,TRUE,FALSE,Public,ES-RI
14343,09/06/2020,Day of Murcia,ES,TRUE,FALSE,Public,ES-MC
14344,11/06/2020,Corpus Christi,ES,FALSE,FALSE,Public,ES-CM
14345,24/06/2020,St. John's Day,ES,TRUE,FALSE,Public,"ES-CT,ES-VC"
14346,25/07/2020,Santiago Apóstol,ES,TRUE,FALSE,Public,"ES-GA,ES-PV"
14347,28/07/2020,Day of the Cantabrian Institutions,ES,TRUE,FALSE,Public,ES-CB
14348,15/08/2020,Assumption,ES,TRUE,TRUE,Public,
14349,08/09/2020,Day of Asturias,ES,TRUE,FALSE,Public,ES-AS
14350,08/09/2020,Day of Extremadura,ES,TRUE,FALSE,Public,ES-EX
14351,11/09/2020,National Day of Catalonia,ES,TRUE,FALSE,Public,ES-CT
14352,15/09/2020,Regional Holiday,ES,TRUE,FALSE,Public,ES-CB
14353,09/10/2020,Day of the Valencian Community,ES,TRUE,FALSE,Public,ES-VC
14354,12/10/2020,Fiesta Nacional de España,ES,TRUE,TRUE,Public,
14355,01/11/2020,All Saints Day,ES,TRUE,TRUE,Public,
14356,06/12/2020,Constitution Day,ES,TRUE,TRUE,Public,
14357,08/12/2020,Immaculate Conception,ES,TRUE,TRUE,Public,
14358,25/12/2020,Christmas Day,ES,TRUE,TRUE,Public,
14359,26/12/2020,St. Stephen's Day,ES,TRUE,FALSE,Public,ES-CT
14360,01/01/2021,New Year's Day,ES,TRUE,TRUE,Public,
14361,06/01/2021,Epiphany,ES,TRUE,TRUE,Public,
14362,28/02/2021,Day of Andalucía,ES,TRUE,FALSE,Public,ES-AN
14363,01/03/2021,Day of the Balearic Islands,ES,TRUE,FALSE,Public,ES-IB
14364,19/03/2021,St. Joseph's Day,ES,TRUE,FALSE,Public,"ES-EX,ES-GA,ES-MD,ES-PV,ES-VC"
14365,01/04/2021,Maundy Thursday,ES,FALSE,FALSE,Public,"ES-AN,ES-AR,ES-CL,ES-CM,ES-CN,ES-EX,ES-GA,ES-IB,ES-RI,ES-MD,ES-MC,ES-NC,ES-AS,ES-PV,ES-CB"
14366,02/04/2021,Good Friday,ES,FALSE,TRUE,Public,
14367,05/04/2021,Easter Monday,ES,FALSE,FALSE,Public,"ES-CT,ES-IB,ES-RI,ES-NC,ES-PV,ES-VC"
14368,23/04/2021,Castile and León Day,ES,TRUE,FALSE,Public,ES-CL
14369,23/04/2021,Day of Aragón,ES,TRUE,FALSE,Public,ES-AR
14370,01/05/2021,Labour Day,ES,TRUE,TRUE,Public,
14371,02/05/2021,Day of Madrid,ES,FALSE,FALSE,Public,ES-MD
14372,17/05/2021,Galician Literature Day,ES,TRUE,FALSE,Public,ES-GA
14373,30/05/2021,Day of the Canary Islands,ES,TRUE,FALSE,Public,ES-CN
14374,31/05/2021,Day of Castilla-La Mancha,ES,TRUE,FALSE,Public,ES-CM
14375,03/06/2021,Corpus Christi,ES,FALSE,FALSE,Public,ES-CM
14376,09/06/2021,Day of La Rioja,ES,TRUE,FALSE,Public,ES-RI
14377,09/06/2021,Day of Murcia,ES,TRUE,FALSE,Public,ES-MC
14378,24/06/2021,St. John's Day,ES,TRUE,FALSE,Public,"ES-CT,ES-VC"
14379,28/07/2021,Day of the Cantabrian Institutions,ES,TRUE,FALSE,Public,ES-CB
14380,15/08/2021,Assumption,ES,TRUE,TRUE,Public,
14381,08/09/2021,Day of Asturias,ES,TRUE,FALSE,Public,ES-AS
14382,08/09/2021,Day of Extremadura,ES,TRUE,FALSE,Public,ES-EX
14383,11/09/2021,National Day of Catalonia,ES,TRUE,FALSE,Public,ES-CT
14384,15/09/2021,Regional Holiday,ES,TRUE,FALSE,Public,ES-CB
14385,09/10/2021,Day of the Valencian Community,ES,TRUE,FALSE,Public,ES-VC
14386,12/10/2021,Fiesta Nacional de España,ES,TRUE,TRUE,Public,
14387,01/11/2021,All Saints Day,ES,TRUE,TRUE,Public,
14388,06/12/2021,Constitution Day,ES,TRUE,TRUE,Public,
14389,08/12/2021,Immaculate Conception,ES,TRUE,TRUE,Public,
14390,25/12/2021,Christmas Day,ES,TRUE,TRUE,Public,
14391,26/12/2021,St. Stephen's Day,ES,TRUE,FALSE,Public,ES-CT
14392,01/01/2022,New Year's Day,ES,TRUE,TRUE,Public,
14393,06/01/2022,Epiphany,ES,TRUE,TRUE,Public,
14394,28/02/2022,Day of Andalucía,ES,TRUE,FALSE,Public,ES-AN
14395,01/03/2022,Day of the Balearic Islands,ES,TRUE,FALSE,Public,ES-IB
14396,19/03/2022,St. Joseph's Day,ES,TRUE,FALSE,Public,ES-VC
14397,14/04/2022,Maundy Thursday,ES,FALSE,FALSE,Public,"ES-AN,ES-AR,ES-CL,ES-CM,ES-CN,ES-EX,ES-GA,ES-IB,ES-RI,ES-MD,ES-MC,ES-NC,ES-AS,ES-PV,ES-CB"
14398,15/04/2022,Good Friday,ES,FALSE,TRUE,Public,
14399,18/04/2022,Easter Monday,ES,FALSE,FALSE,Public,"ES-CT,ES-IB,ES-RI,ES-NC,ES-PV,ES-VC"
14400,23/04/2022,Castile and León Day,ES,TRUE,FALSE,Public,ES-CL
14401,23/04/2022,Day of Aragón,ES,TRUE,FALSE,Public,ES-AR
14402,01/05/2022,Labour Day,ES,TRUE,TRUE,Public,
14403,02/05/2022,Day of Madrid,ES,FALSE,FALSE,Public,ES-MD
14404,17/05/2022,Galician Literature Day,ES,TRUE,FALSE,Public,ES-GA
14405,30/05/2022,Day of the Canary Islands,ES,TRUE,FALSE,Public,ES-CN
14406,31/05/2022,Day of Castilla-La Mancha,ES,TRUE,FALSE,Public,ES-CM
14407,06/06/2022,Whit Monday,ES,FALSE,FALSE,Public,ES-CT
14408,09/06/2022,Day of La Rioja,ES,TRUE,FALSE,Public,ES-RI
14409,09/06/2022,Day of Murcia,ES,TRUE,FALSE,Public,ES-MC
14410,16/06/2022,Corpus Christi,ES,FALSE,FALSE,Public,ES-CM
14411,24/06/2022,St. John's Day,ES,TRUE,FALSE,Public,"ES-CT,ES-VC"
14412,25/07/2022,Santiago Apóstol,ES,TRUE,FALSE,Public,"ES-GA,ES-MD,ES-PV"
14413,28/07/2022,Day of the Cantabrian Institutions,ES,TRUE,FALSE,Public,ES-CB
14414,15/08/2022,Assumption,ES,TRUE,TRUE,Public,
14415,08/09/2022,Day of Asturias,ES,TRUE,FALSE,Public,ES-AS
14416,08/09/2022,Day of Extremadura,ES,TRUE,FALSE,Public,ES-EX
14417,11/09/2022,National Day of Catalonia,ES,TRUE,FALSE,Public,ES-CT
14418,15/09/2022,Regional Holiday,ES,TRUE,FALSE,Public,ES-CB
14419,09/10/2022,Day of the Valencian Community,ES,TRUE,FALSE,Public,ES-VC
14420,12/10/2022,Fiesta Nacional de España,ES,TRUE,TRUE,Public,
14421,01/11/2022,All Saints Day,ES,TRUE,TRUE,Public,
14422,06/12/2022,Constitution Day,ES,TRUE,TRUE,Public,
14423,08/12/2022,Immaculate Conception,ES,TRUE,TRUE,Public,
14424,25/12/2022,Christmas Day,ES,TRUE,TRUE,Public,
14425,26/12/2022,St. Stephen's Day,ES,TRUE,FALSE,Public,ES-CT
14426,01/01/2023,New Year's Day,ES,TRUE,TRUE,Public,
14427,01/01/2023,New Year's Day,ES,TRUE,TRUE,Public,
14428,06/01/2023,Epiphany,ES,TRUE,TRUE,Public,
14429,21/02/2023,Carnival Tuesday,ES,TRUE,FALSE,Public,ES-EX
14430,28/02/2023,Day of Andalucía,ES,TRUE,FALSE,Public,ES-AN
14431,01/03/2023,Day of the Balearic Islands,ES,TRUE,FALSE,Public,ES-IB
14432,19/03/2023,St. Joseph's Day,ES,TRUE,FALSE,Public,ES-MD
14433,06/04/2023,Maundy Thursday,ES,FALSE,FALSE,Public,"ES-AN,ES-AR,ES-CL,ES-CM,ES-CN,ES-EX,ES-GA,ES-IB,ES-RI,ES-MD,ES-MC,ES-NC,ES-AS,ES-PV,ES-CB"
14434,07/04/2023,Good Friday,ES,FALSE,TRUE,Public,
14435,10/04/2023,Easter Monday,ES,FALSE,FALSE,Public,"ES-CT,ES-IB,ES-RI,ES-NC,ES-PV,ES-VC"
14436,23/04/2023,Day of Aragón,ES,TRUE,FALSE,Public,ES-AR
14437,01/05/2023,Labour Day,ES,TRUE,TRUE,Public,
14438,02/05/2023,Day of Madrid,ES,FALSE,FALSE,Public,ES-MD
14439,17/05/2023,Galician Literature Day,ES,TRUE,FALSE,Public,ES-GA
14440,30/05/2023,Day of the Canary Islands,ES,TRUE,FALSE,Public,ES-CN
14441,31/05/2023,Day of Castilla-La Mancha,ES,TRUE,FALSE,Public,ES-CM
14442,08/06/2023,Corpus Christi,ES,FALSE,FALSE,Public,ES-CM
14443,09/06/2023,Day of La Rioja,ES,TRUE,FALSE,Public,ES-RI
14444,09/06/2023,Day of Murcia,ES,TRUE,FALSE,Public,ES-MC
14445,24/06/2023,St. John's Day,ES,TRUE,FALSE,Public,"ES-CT,ES-VC"
14446,25/07/2023,Santiago Apóstol,ES,TRUE,FALSE,Public,"ES-CL,ES-GA,ES-NC,ES-PV"
14447,28/07/2023,Day of the Cantabrian Institutions,ES,TRUE,FALSE,Public,ES-CB
14448,15/08/2023,Assumption,ES,TRUE,TRUE,Public,
14449,08/09/2023,Day of Asturias,ES,TRUE,FALSE,Public,ES-AS
14450,08/09/2023,Day of Extremadura,ES,TRUE,FALSE,Public,ES-EX
14451,11/09/2023,National Day of Catalonia,ES,TRUE,FALSE,Public,ES-CT
14452,15/09/2023,Regional Holiday,ES,TRUE,FALSE,Public,ES-CB
14453,09/10/2023,Day of the Valencian Community,ES,TRUE,FALSE,Public,ES-VC
14454,12/10/2023,Fiesta Nacional de España,ES,TRUE,TRUE,Public,
14455,01/11/2023,All Saints Day,ES,TRUE,TRUE,Public,
14456,06/12/2023,Constitution Day,ES,TRUE,TRUE,Public,
14457,08/12/2023,Immaculate Conception,ES,TRUE,TRUE,Public,
14458,25/12/2023,Christmas Day,ES,TRUE,TRUE,Public,
14459,26/12/2023,St. Stephen's Day,ES,TRUE,FALSE,Public,ES-CT
14460,01/01/2024,New Year's Day,ES,TRUE,TRUE,Public,
14461,06/01/2024,Epiphany,ES,TRUE,TRUE,Public,
14462,28/02/2024,Day of Andalucía,ES,TRUE,FALSE,Public,ES-AN
14463,01/03/2024,Day of the Balearic Islands,ES,TRUE,FALSE,Public,ES-IB
14464,28/03/2024,Maundy Thursday,ES,FALSE,FALSE,Public,"ES-AN,ES-AR,ES-CL,ES-CM,ES-CN,ES-EX,ES-GA,ES-IB,ES-RI,ES-MD,ES-MC,ES-NC,ES-AS,ES-PV,ES-CB"
14465,29/03/2024,Good Friday,ES,FALSE,TRUE,Public,
14466,01/04/2024,Easter Monday,ES,FALSE,FALSE,Public,"ES-CT,ES-IB,ES-RI,ES-NC,ES-PV,ES-VC"
14467,23/04/2024,Castile and León Day,ES,TRUE,FALSE,Public,ES-CL
14468,23/04/2024,Day of Aragón,ES,TRUE,FALSE,Public,ES-AR
14469,01/05/2024,Labour Day,ES,TRUE,TRUE,Public,
14470,02/05/2024,Day of Madrid,ES,FALSE,FALSE,Public,ES-MD
14471,17/05/2024,Galician Literature Day,ES,TRUE,FALSE,Public,ES-GA
14472,30/05/2024,Corpus Christi,ES,FALSE,FALSE,Public,ES-CM
14473,30/05/2024,Day of the Canary Islands,ES,TRUE,FALSE,Public,ES-CN
14474,31/05/2024,Day of Castilla-La Mancha,ES,TRUE,FALSE,Public,ES-CM
14475,09/06/2024,Day of La Rioja,ES,TRUE,FALSE,Public,ES-RI
14476,09/06/2024,Day of Murcia,ES,TRUE,FALSE,Public,ES-MC
14477,24/06/2024,St. John's Day,ES,TRUE,FALSE,Public,"ES-CT,ES-VC"
14478,25/07/2024,Santiago Apóstol,ES,TRUE,FALSE,Public,"ES-GA,ES-PV"
14479,28/07/2024,Day of the Cantabrian Institutions,ES,TRUE,FALSE,Public,ES-CB
14480,15/08/2024,Assumption,ES,TRUE,TRUE,Public,
14481,08/09/2024,Day of Asturias,ES,TRUE,FALSE,Public,ES-AS
14482,08/09/2024,Day of Extremadura,ES,TRUE,FALSE,Public,ES-EX
14483,11/09/2024,National Day of Catalonia,ES,TRUE,FALSE,Public,ES-CT
14484,15/09/2024,Regional Holiday,ES,TRUE,FALSE,Public,ES-CB
14485,09/10/2024,Day of the Valencian Community,ES,TRUE,FALSE,Public,ES-VC
14486,12/10/2024,Fiesta Nacional de España,ES,TRUE,TRUE,Public,
14487,01/11/2024,All Saints Day,ES,TRUE,TRUE,Public,
14488,06/12/2024,Constitution Day,ES,TRUE,TRUE,Public,
14489,08/12/2024,Immaculate Conception,ES,TRUE,TRUE,Public,
14490,25/12/2024,Christmas Day,ES,TRUE,TRUE,Public,
14491,26/12/2024,St. Stephen's Day,ES,TRUE,FALSE,Public,ES-CT
14492,01/01/2025,New Year's Day,ES,TRUE,TRUE,Public,
14493,06/01/2025,Epiphany,ES,TRUE,TRUE,Public,
14494,28/02/2025,Day of Andalucía,ES,TRUE,FALSE,Public,ES-AN
14495,01/03/2025,Day of the Balearic Islands,ES,TRUE,FALSE,Public,ES-IB
14496,17/04/2025,Maundy Thursday,ES,FALSE,FALSE,Public,"ES-AN,ES-AR,ES-CL,ES-CM,ES-CN,ES-EX,ES-GA,ES-IB,ES-RI,ES-MD,ES-MC,ES-NC,ES-AS,ES-PV,ES-CB"
14497,18/04/2025,Good Friday,ES,FALSE,TRUE,Public,
14498,21/04/2025,Easter Monday,ES,FALSE,FALSE,Public,"ES-CT,ES-IB,ES-RI,ES-NC,ES-PV,ES-VC"
14499,23/04/2025,Castile and León Day,ES,TRUE,FALSE,Public,ES-CL
14500,23/04/2025,Day of Aragón,ES,TRUE,FALSE,Public,ES-AR
14501,01/05/2025,Labour Day,ES,TRUE,TRUE,Public,
14502,02/05/2025,Day of Madrid,ES,FALSE,FALSE,Public,ES-MD
14503,17/05/2025,Galician Literature Day,ES,TRUE,FALSE,Public,ES-GA
14504,30/05/2025,Day of the Canary Islands,ES,TRUE,FALSE,Public,ES-CN
14505,31/05/2025,Day of Castilla-La Mancha,ES,TRUE,FALSE,Public,ES-CM
14506,09/06/2025,Day of La Rioja,ES,TRUE,FALSE,Public,ES-RI
14507,09/06/2025,Day of Murcia,ES,TRUE,FALSE,Public,ES-MC
14508,19/06/2025,Corpus Christi,ES,FALSE,FALSE,Public,ES-CM
14509,24/06/2025,St. John's Day,ES,TRUE,FALSE,Public,"ES-CT,ES-VC"
14510,25/07/2025,Santiago Apóstol,ES,TRUE,FALSE,Public,"ES-GA,ES-PV"
14511,28/07/2025,Day of the Cantabrian Institutions,ES,TRUE,FALSE,Public,ES-CB
14512,15/08/2025,Assumption,ES,TRUE,TRUE,Public,
14513,08/09/2025,Day of Asturias,ES,TRUE,FALSE,Public,ES-AS
14514,08/09/2025,Day of Extremadura,ES,TRUE,FALSE,Public,ES-EX
14515,11/09/2025,National Day of Catalonia,ES,TRUE,FALSE,Public,ES-CT
14516,15/09/2025,Regional Holiday,ES,TRUE,FALSE,Public,ES-CB
14517,09/10/2025,Day of the Valencian Community,ES,TRUE,FALSE,Public,ES-VC
14518,12/10/2025,Fiesta Nacional de España,ES,TRUE,TRUE,Public,
14519,01/11/2025,All Saints Day,ES,TRUE,TRUE,Public,
14520,06/12/2025,Constitution Day,ES,TRUE,TRUE,Public,
14521,08/12/2025,Immaculate Conception,ES,TRUE,TRUE,Public,
14522,25/12/2025,Christmas Day,ES,TRUE,TRUE,Public,
14523,26/12/2025,St. Stephen's Day,ES,TRUE,FALSE,Public,ES-CT
14524,01/01/2026,New Year's Day,ES,TRUE,TRUE,Public,
14525,06/01/2026,Epiphany,ES,TRUE,TRUE,Public,
14526,28/02/2026,Day of Andalucía,ES,TRUE,FALSE,Public,ES-AN
14527,01/03/2026,Day of the Balearic Islands,ES,TRUE,FALSE,Public,ES-IB
14528,02/04/2026,Maundy Thursday,ES,FALSE,FALSE,Public,"ES-AN,ES-AR,ES-CL,ES-CM,ES-CN,ES-EX,ES-GA,ES-IB,ES-RI,ES-MD,ES-MC,ES-NC,ES-AS,ES-PV,ES-CB"
14529,03/04/2026,Good Friday,ES,FALSE,TRUE,Public,
14530,06/04/2026,Easter Monday,ES,FALSE,FALSE,Public,"ES-CT,ES-IB,ES-RI,ES-NC,ES-PV,ES-VC"
14531,23/04/2026,Castile and León Day,ES,TRUE,FALSE,Public,ES-CL
14532,23/04/2026,Day of Aragón,ES,TRUE,FALSE,Public,ES-AR
14533,01/05/2026,Labour Day,ES,TRUE,TRUE,Public,
14534,02/05/2026,Day of Madrid,ES,FALSE,FALSE,Public,ES-MD
14535,17/05/2026,Galician Literature Day,ES,TRUE,FALSE,Public,ES-GA
14536,30/05/2026,Day of the Canary Islands,ES,TRUE,FALSE,Public,ES-CN
14537,31/05/2026,Day of Castilla-La Mancha,ES,TRUE,FALSE,Public,ES-CM
14538,04/06/2026,Corpus Christi,ES,FALSE,FALSE,Public,ES-CM
14539,09/06/2026,Day of La Rioja,ES,TRUE,FALSE,Public,ES-RI
14540,09/06/2026,Day of Murcia,ES,TRUE,FALSE,Public,ES-MC
14541,24/06/2026,St. John's Day,ES,TRUE,FALSE,Public,"ES-CT,ES-VC"
14542,25/07/2026,Santiago Apóstol,ES,TRUE,FALSE,Public,"ES-GA,ES-PV"
14543,28/07/2026,Day of the Cantabrian Institutions,ES,TRUE,FALSE,Public,ES-CB
14544,15/08/2026,Assumption,ES,TRUE,TRUE,Public,
14545,08/09/2026,Day of Asturias,ES,TRUE,FALSE,Public,ES-AS
14546,08/09/2026,Day of Extremadura,ES,TRUE,FALSE,Public,ES-EX
14547,11/09/2026,National Day of Catalonia,ES,TRUE,FALSE,Public,ES-CT
14548,15/09/2026,Regional Holiday,ES,TRUE,FALSE,Public,ES-CB
14549,09/10/2026,Day of the Valencian Community,ES,TRUE,FALSE,Public,ES-VC
14550,12/10/2026,Fiesta Nacional de España,ES,TRUE,TRUE,Public,
14551,01/11/2026,All Saints Day,ES,TRUE,TRUE,Public,
14552,06/12/2026,Constitution Day,ES,TRUE,TRUE,Public,
14553,08/12/2026,Immaculate Conception,ES,TRUE,TRUE,Public,
14554,25/12/2026,Christmas Day,ES,TRUE,TRUE,Public,
14555,26/12/2026,St. Stephen's Day,ES,TRUE,FALSE,Public,ES-CT
